{
  "complaints": [
    {
      "id": 1,
      "title": "Yemek Geç Geldi",
      "description": "Siparişim 1 saat gecikmeli geldi ve soğuktu.",
      "branchId": 1,
      "branchName": "Kadıköy Şubesi",
      "customerId": 1,
      "customerName": "Ahmet Yılmaz",
      "statusId": 1,
      "statusName": "Yeni",
      "createdAt": "2024-01-15T10:30:00Z",
      "updatedAt": null,
      "resolvedAt": null
    },
    {
      "id": 2,
      "title": "Eksik Sipariş",
      "description": "Siparişimdeki içecek eksik geldi.",
      "branchId": 2,
      "branchName": "Beşiktaş Şubesi",
      "customerId": 2,
      "customerName": "Ayşe Demir",
      "statusId": 2,
      "statusName": "İşlemde",
      "createdAt": "2024-01-14T15:20:00Z",
      "updatedAt": "2024-01-14T16:00:00Z",
      "resolvedAt": null
    },
    {
      "id": 3,
      "title": "Personel Davranışı",
      "description": "Garson çok kaba davrandı.",
      "branchId": 1,
      "branchName": "Kadıköy Şubesi",
      "customerId": 3,
      "customerName": "Mehmet Kaya",
      "statusId": 3,
      "statusName": "Çözümlendi",
      "createdAt": "2024-01-13T12:00:00Z",
      "updatedAt": "2024-01-13T14:30:00Z",
      "resolvedAt": "2024-01-13T14:30:00Z"
    }
  ],
  "statuses": [
    {
      "id": 1,
      "name": "Yeni",
      "color": "red"
    },
    {
      "id": 2,
      "name": "İşlemde",
      "color": "yellow"
    },
    {
      "id": 3,
      "name": "Çözümlendi",
      "color": "green"
    }
  ]
}
