[
  {
    "AutoID": 9,
    "QuestionID": 71,
    "OptionID": 1,
    "ImageRequired": 0,
    "CalculatePoint": "NULL"
  },
  {
    "AutoID": 10,
    "QuestionID": 191,
    "OptionID": 2,
    "ImageRequired": 0,
    "CalculatePoint": "NULL"
  },
  {
    "AutoID": 11,
    "QuestionID": 1,
    "OptionID": 1,
    "ImageRequired": 1,
    "CalculatePoint": "NULL"
  },
  {
    "AutoID": 12,
    "QuestionID": 1,
    "OptionID": 2,
    "ImageRequired": 0,
    "CalculatePoint": "NULL"
  },
  {
    "AutoID": 13,
    "QuestionID": 201,
    "OptionID": 2,
    "ImageRequired": 0,
    "CalculatePoint": "NULL"
  },
  {
    "AutoID": 14,
    "QuestionID": 201,
    "OptionID": 1,
    "ImageRequired": 0,
    "CalculatePoint": "NULL"
  },
  {
    "AutoID": 15,
    "QuestionID": 202,
    "OptionID": 1,
    "ImageRequired": 0,
    "CalculatePoint": "NULL"
  },
  {
    "AutoID": 16,
    "QuestionID": 217,
    "OptionID": 2,
    "ImageRequired": 0,
    "CalculatePoint": "NULL"
  },
  {
    "AutoID": 17,
    "QuestionID": 202,
    "OptionID": 2,
    "ImageRequired": 0,
    "CalculatePoint": "NULL"
  },
  {
    "AutoID": 18,
    "QuestionID": 202,
    "OptionID": 3,
    "ImageRequired": 0,
    "CalculatePoint": "NULL"
  }
]